time,E_pot,E_kin,T
0.0,-1164.5074313427822,961.2932896174018,2.503367941711984
0.04,-1135.30825570989,936.3414579929955,2.438389213523426
0.08,-908.1488706883249,716.9806522400929,1.8671371152085754
0.12,-877.1816121746929,753.6770926173865,1.962700762024444
0.16,-873.3889485791083,790.8185864694163,2.059423402264105
0.2,-856.6250729651758,830.7160404052083,2.1633230218885635
0.24,-893.2484440166021,865.8997495257127,2.2549472643898767
0.28,-877.9326473176534,829.7811645829154,2.1608884494346756
0.32,-842.1021529872744,869.9267767062388,2.2654343143391635
0.36,-827.5797321078933,860.7738487459014,2.2415985644424516
0.4,-803.745581426249,879.2935099680697,2.2898268488751814
0.44,-810.52010536837,904.4878841811005,2.3554371983882825
0.48,-799.9840536812119,944.0290568424011,2.458409002193753
0.52,-787.1472632507814,936.0882403682494,2.4377297926256496
0.56,-745.7827261921348,923.8904234943814,2.4059646445166183
0.6,-768.0072361685584,928.264227076416,2.4173547580115
0.64,-795.0805292605351,952.2235773903415,2.479748899454014
0.68,-775.8816644225215,942.6493756572722,2.454816082440813
0.72,-781.2468003226695,917.4923616229461,2.3893030250597556
0.76,-779.1808815928039,964.5351476312962,2.511810280289834
0.8,-737.0769759237699,954.8540670475386,2.4865991329362984
0.84,-787.3819898186857,976.4552403188056,2.542852188330223
0.88,-758.7937958002535,946.4756354817604,2.464780300733751
0.92,-756.4180429089926,924.3814082373483,2.4072432506180945
0.96,-767.3581026377364,882.2980580533879,2.2976511928473644
1.0,-747.7926523623134,878.8019442882683,2.2885467299173654
1.04,-728.5380169612745,885.0085743791162,2.304709829112282
1.08,-731.7298126219869,890.0533602216852,2.317847292243972
1.12,-724.7249145145121,873.3790706715489,2.2744246632071587
1.16,-692.8179451164342,874.7264939641682,2.277933578031688
1.2,-710.3027089230123,932.2083693334439,2.4276259618058433
1.24,-695.0939620143145,926.7135442430194,2.4133165214661965
1.28,-680.2323132797028,925.24301164964,2.409487009504271
1.32,-712.2753650662476,988.3892433966021,2.5739303213453177
1.36,-721.3028710705014,968.4307440052046,2.5219550625135536
1.4000000000000001,-697.0887658795848,934.2903558208145,2.4330478016167043
1.44,-667.2998273079991,924.2533836372132,2.4069098532219093
1.48,-645.1749429810507,899.2199140323447,2.3417185261258977
1.52,-661.5156770543964,992.3363398134924,2.584209218264303
1.56,-642.979048099362,1029.8080444986315,2.6817917825485194
1.6,-655.0637618498421,1032.8215702769814,2.689639505929639
1.6400000000000001,-596.9586113664443,989.62371081895,2.5771450802576825
1.68,-625.5738306925066,1033.4863579374528,2.69137072379545
1.72,-621.0731330343942,1027.1667913822694,2.67491351922466
1.76,-617.1628372856699,1049.5005250221263,2.733074283911787
1.8,-605.7791512348664,1025.392477168542,2.670292909293078
1.84,-603.5548676113049,975.699008384815,2.5408828343354557
1.8800000000000001,-604.0613383412208,977.4247690532434,2.5453770027428213
1.92,-604.6151765026095,984.284060912687,2.5632397419601225
1.96,-616.6638407720068,999.7924681832476,2.6036262192272073
2.0,-636.3020093003004,1040.9701110118283,2.7108596640933027
2.04,-598.011841176666,977.3416814933364,2.545160628888897
2.08,-646.314446673781,991.4133825076822,2.5818056836137555
2.12,-647.2433951840123,1006.4361879921321,2.620927572896177
2.16,-648.0832064833542,1032.096710224755,2.6877518495436328
2.2,-606.1398826268786,1011.6694800309363,2.634555937580563
2.24,-610.2395795332947,1049.8845244449199,2.7340742824086455
2.2800000000000002,-582.6050933716194,939.6876709275036,2.4471033097070407
2.32,-578.74631467117,928.2393665640881,2.4172900170939795
2.36,-602.1248291898287,944.7349334970961,2.460247222648688
2.4,-590.1064327413343,947.6512384875189,2.4678417668945802
2.44,-588.6448771141788,970.7866794895303,2.528090311170652
2.48,-561.1187860458501,920.9603509737531,2.398334247327482
2.52,-570.6725783088317,910.2404373434204,2.3704178055818237
2.56,-550.5499651096554,932.907227485333,2.4294459049097212
2.6,-557.3879807623807,917.5528069447092,2.389460434751847
2.64,-578.7499377314374,958.2455594465093,2.4954311443919512
2.68,-568.7898440835702,926.4088136711762,2.412522952268688
2.72,-577.8447485566861,906.1069819437769,2.359653598811919
2.7600000000000002,-561.2319138489225,902.919719555403,2.3513534363421953
2.8000000000000003,-568.0800351736071,914.2421499399004,2.3808389321351573
2.84,-537.8212002491957,919.6649661721954,2.394960849406759
2.88,-551.3050913795789,941.7162049862626,2.4523859504850587
2.92,-569.2774440009471,969.696234255134,2.525250610039411
2.96,-538.9174265494061,893.8002207729294,2.3276047415961703
3.0,-534.5827912715564,895.1242193848623,2.331052654648079
3.04,-545.1514349937365,906.5337991445392,2.360765101938904
3.08,-516.075728550012,902.3765523020754,2.349938938286655
3.12,-523.4047571746114,907.9012838997699,2.3643262601556505
3.16,-550.9818073100332,926.1959354653513,2.4119685819410193
3.2,-543.0616263598295,915.6893521239544,2.384607687822798
3.24,-539.3818430826424,938.0203208303174,2.442761252162285
3.2800000000000002,-522.7993836829739,905.1509488751979,2.3571639293624944
3.3200000000000003,-496.07821142829494,942.4661993315688,2.4543390607592936
3.36,-544.6932882423405,984.2051803217141,2.5630343237544637
3.4,-536.5028991197488,924.2953341171442,2.407019099263396
3.44,-532.6297225388496,922.2357724950076,2.401655657539082
3.48,-540.3849735711123,930.8327765938454,2.4240436890464725
3.52,-544.586251932099,929.1043158418776,2.419542489171556
3.56,-528.7138707238709,898.4103383412157,2.339610256096916
3.6,-548.3995313711237,936.9202236792726,2.439896415831439
3.64,-585.9109128553366,973.906001125766,2.536213544598349
3.68,-563.8836503128387,972.9415196438987,2.5337018740726527
3.72,-532.0053514033071,962.8183985867819,2.507339579653078
3.7600000000000002,-501.47054928875866,923.4194090916617,2.4047380445095357
3.8000000000000003,-533.2277598104597,953.6525890500002,2.4834702839843756
3.84,-569.3502185206758,1062.9084988164077,2.767990882334395
3.88,-516.6003438842118,1013.1266178668657,2.638350567361629
3.92,-528.658623461376,967.3307741111821,2.5190905575812033
3.96,-538.5287394060348,981.1751457727459,2.5551436087831925
4.0,-526.5132810667445,957.444869649831,2.4933460147131017
4.04,-525.0882304909123,929.0856288064705,2.41949382501685
4.08,-546.4364145783466,919.1767888589019,2.393689554320057
4.12,-538.9620548610503,930.8287741608679,2.4240332660439265
4.16,-541.052699494348,958.2429289841566,2.4954242942295743
4.2,-522.9246188802642,951.2061619397412,2.4770993800514094
4.24,-563.5025847411885,957.8728672675145,2.494460591842486
4.28,-533.6569232417489,955.1874304981686,2.487467266922314
4.32,-500.27979571684966,914.8806643410524,2.3825017300548237
4.36,-511.0272671331443,975.4360573112767,2.540198065914783
4.4,-526.7754480147269,1011.5770255536597,2.6343151707126555
4.44,-513.5402430502305,951.961665425438,2.4790668370454116
4.48,-520.7466408591633,978.0087527639034,2.5468977936559987
4.5200000000000005,-526.9631689214959,968.440320886411,2.521980002308362
4.5600000000000005,-552.5508340484564,978.700233683677,2.5486985252179086
4.6000000000000005,-523.1343546398308,911.92891530825,2.3748148836152345
4.64,-531.9275212248554,918.0721410900778,2.3908128674220777
4.68,-508.13532592731553,917.6475273051078,2.3897071023570517
4.72,-491.5700055994589,864.8217200891389,2.252139896065466
4.76,-516.9209617362736,862.8890208366679,2.2471068250954893
4.8,-530.2975136030063,886.1399212557137,2.3076560449367545
4.84,-539.8631984840941,920.6096839001033,2.3974210518231858
4.88,-514.402404201884,879.3392149130301,2.289945872169349
4.92,-515.1747739460803,858.5716943668709,2.2358637874137264
4.96,-546.1530086504197,901.545928944797,2.3477758566270754
5.0,-537.3296397494332,892.362222190736,2.3238599536217084
5.04,-518.3613667262275,874.4441706508248,2.2771983610698565
5.08,-493.8281073039992,879.4664363030402,2.2902771778725004
5.12,-527.3332628913292,875.3280842834183,2.2795002194880687
5.16,-484.47885210892804,863.535598197841,2.2487906203068775
5.2,-505.14324752889485,915.6123430199618,2.3844071432811504
5.24,-500.4881213712734,937.3983808711997,2.4411416168520828
5.28,-488.57288215632605,884.577447846548,2.303587103767052
5.32,-488.5626200169019,894.4929142382011,2.329408630828649
5.36,-508.008154169809,925.1169304339813,2.4091586730051597
5.4,-481.59187924468745,942.9188582073982,2.4555178599150995
5.44,-499.68439316067975,985.4574488494734,2.5662954397121704
5.48,-484.4369690574416,953.8449929246362,2.48397133574124
5.5200000000000005,-480.2590218302829,983.4191907189781,2.560987475830672
5.5600000000000005,-481.8680832053381,985.7691362174296,2.567107125566223
5.6000000000000005,-474.014802031668,956.8191279769447,2.491716479106627
5.64,-515.8030744753073,1000.1527196912245,2.6045643741958973
5.68,-497.3917942084695,1018.8432460068486,2.653237619809502
5.72,-450.841018607519,1003.0943439899314,2.6122248541404463
5.76,-467.4458219641598,988.7555785590309,2.574884319164143
5.8,-467.94585330807723,997.6903742984687,2.598152016402262
5.84,-467.8776844053183,991.8810183340381,2.583023485244891
5.88,-470.6619524885949,996.5593390245697,2.59520661204315
5.92,-503.9215672865339,1022.1872047259515,2.6619458456404987
5.96,-469.4287072284071,951.9710297515917,2.479091223311437
6.0,-490.3868988262185,974.6883901164347,2.5382510159282154
6.04,-502.67351555761155,1013.8185250173337,2.6401524088993065
6.08,-488.7184429797677,959.9775300075472,2.4999414843946544
6.12,-494.72002093111996,940.6454285415589,2.4495974701603096
6.16,-484.81698257367293,910.0857449632538,2.370014960841807
6.2,-490.87768766022754,938.3824352568573,2.4437042584813993
6.24,-505.6238884808521,967.2811340801366,2.518961286667022
6.28,-478.63807677967964,943.3070432799655,2.4565287585415767
6.32,-472.66062479443235,935.2022748686115,2.4354225908036757
6.36,-476.1563863559692,931.5994026218045,2.4260401109942826
6.4,-482.62822981748104,947.0946400512071,2.4663922918000183
6.44,-467.5548364057197,911.2697473987041,2.3730983005174586
6.48,-467.9686856441085,914.7523753332991,2.3821676440971333
6.5200000000000005,-468.08922562674394,918.7755091818556,2.392644555161082
6.5600000000000005,-490.2050760703061,999.6463667701828,2.603245746797351
6.6000000000000005,-439.9837160726043,928.4725916802392,2.4178973741672896
6.640000000000001,-439.4869630160574,895.9971734796077,2.333325972603145
6.68,-456.6373955496371,925.9914268976487,2.41143600754596
6.72,-497.7306425921661,985.8149267521324,2.5672263717503445
6.76,-454.74986556819505,959.3023391549129,2.498183174882586
6.8,-475.15024953514273,999.997858151987,2.6041610889374662
6.84,-461.77604377505907,971.9786156747953,2.531194311653113
6.88,-446.96327165695857,967.2729600096068,2.5189400000250175
6.92,-463.5048744155518,1003.5187982939308,2.613330203890445
6.96,-442.65429237187607,997.0708213059038,2.5965385971507913
7.0,-443.84468576389406,1026.9093798686135,2.674243176741181
7.04,-492.11741570640544,1097.9969318772505,2.8593670100970066
7.08,-451.26761685284555,989.4344562750713,2.576652229882998
7.12,-438.8459947495008,961.5958125010582,2.504155761721506
7.16,-462.3000324394379,959.72225645358,2.499276709514531
7.2,-467.15536753710353,982.7977671487706,2.559369185283257
7.24,-461.7753598662997,933.6945140195849,2.4314961302593354
7.28,-448.672124497553,899.6003417312545,2.3427092232584754
7.32,-459.85423599692024,911.0143790220525,2.372433278703262
7.36,-462.92347329485585,891.2664586842949,2.3210064028236848
7.4,-474.3361314422559,962.9545526506806,2.5076941475278143
7.44,-440.812383094465,971.9348530148557,2.5310803463928533
7.48,-443.1512678998855,954.6585716146205,2.4860900302464075
7.5200000000000005,-446.1101416057047,978.4228921274928,2.5479762815820126
7.5600000000000005,-450.38310787758144,983.2027753510465,2.56042389414335
7.6000000000000005,-450.3491896024351,998.3484206697873,2.599865678827571
7.640000000000001,-461.0903823934404,1001.5926019133788,2.608314067482757
7.68,-470.2866306740781,971.3327954198021,2.529512488072401
7.72,-432.4432698443904,915.2203097573804,2.3833862233265113
7.76,-435.58328733781195,957.3017755678738,2.4929733738746713
7.8,-429.7153763850921,960.0937281696599,2.500244083775156
7.84,-440.5868938692408,1018.6688631155187,2.6527834976966633
7.88,-459.34525682858384,1092.4006082449166,2.8447932506378035
7.92,-434.2168797168127,1081.1975601622357,2.8156186462558224
7.96,-450.5444697831292,1080.6515643681137,2.8141967822086293
8.0,-442.76203939583513,1042.0404122619698,2.713646906932213
8.040000000000001,-475.5802066500858,1042.0283831023187,2.7136155809956217
8.08,-416.1090067326719,996.0593806809861,2.593904637190068
8.120000000000001,-463.56065954230223,1032.6911937406055,2.6892999836994935
8.16,-484.785206251723,1042.5242067984177,2.714906788537546
8.2,-457.89729961687084,962.3455577479826,2.506108223302038
8.24,-461.4131479729021,927.514382296393,2.4154020372301903
8.28,-407.7543826439993,861.3103719659082,2.242995760327886
8.32,-433.02406484296887,881.3983240364772,2.2953081355116596
8.36,-437.4013675919231,889.4110272514218,2.316174550133911
8.4,-435.8958599141575,879.0307247976932,2.2891425124939926
8.44,-449.94136585547983,858.2547541313163,2.2350384222169697
8.48,-438.53526281816335,808.328408649603,2.105021897525008
8.52,-463.15236530981474,836.2179595385285,2.1776509362982512
8.56,-494.88327559446566,915.7539762300397,2.3847759797657284
8.6,-464.0298370255621,882.3535985090334,2.297795829450608
8.64,-461.54898989645613,938.0672072002726,2.4428833520840434
8.68,-446.16691996781424,933.9204611980888,2.432084534370023
8.72,-437.8079457807452,951.8409269275592,2.478752413873852
8.76,-423.8471129824469,931.4807210710744,2.425731044455923
8.8,-447.54611620210324,960.7566298711151,2.501970390289362
8.84,-432.45854334169854,957.9704536264919,2.494714722985656
8.88,-428.32739616688025,963.337607164008,2.5086916853229373
8.92,-427.55400662461284,983.9864334366482,2.562464670407938
8.96,-419.76733345377255,1007.7567157663276,2.624366447308145
9.0,-417.02941736273544,972.558196471925,2.532703636645638
9.040000000000001,-428.72553087328885,973.8831970890603,2.5361541590860948
9.08,-428.0154347593568,963.1436187723268,2.5081865072196012
9.120000000000001,-440.7630806696752,982.4433006989246,2.5584460955701163
9.16,-436.2408355735217,972.397576698755,2.532285355986341
9.200000000000001,-410.71171244332135,995.3204202916281,2.591980261176115
9.24,-418.9566429457507,976.3901414624388,2.5426826600584342
9.28,-411.71443587352155,959.6189113092777,2.499007581534577
9.32,-419.48354356286814,941.661666221397,2.452243922451555
9.36,-430.2330994821676,918.5480732792631,2.392052274164748
9.4,-423.288688498007,966.0089396809396,2.515648280419114
9.44,-423.40213417180087,930.2575784709595,2.4225457772681236
9.48,-433.89631081785427,952.0837328122539,2.4793847208652444
9.52,-423.11258761273837,915.1335976404546,2.383160410522017
9.56,-412.72127203627474,937.4960616761421,2.4413959939482868
9.6,-425.4588619668385,988.8529792561446,2.5751379668128767
9.64,-427.184345226555,959.4190705439682,2.4984871628749175
9.68,-437.7620500557101,999.6096620951614,2.6031501617061497
9.72,-438.1792144523804,971.2315020466287,2.529248703246429
9.76,-433.7454851209869,976.973088837135,2.544200752180039
9.8,-429.27608137720466,937.5383902884453,2.4415062247094927
9.84,-401.0574107922631,933.0056244574529,2.4297021470246167
9.88,-392.49849316270684,902.0363429091902,2.3490529763260164
9.92,-421.06596265435877,957.9595875724428,2.494686425969903
9.96,-417.38726807196934,895.4086005307333,2.3317932305487847
10.0,-401.3784534042527,902.2085335096367,2.349501389348012
10.040000000000001,-400.4630770633937,963.6745959371217,2.509569260252921
10.08,-391.73561955910304,885.6117468672031,2.306280590800008
10.120000000000001,-406.71845405739884,882.0150347716724,2.29691415305123
10.16,-414.92199425864055,894.5029704813711,2.329434818961904
10.200000000000001,-410.34652069405286,902.326463447251,2.349808498560549
10.24,-401.1404863646938,907.5002100858194,2.363281797098488
10.28,-390.3188902274777,891.0443447955477,2.320427981238405
10.32,-403.6027768835952,967.4846868983066,2.519491372131007
10.36,-414.8575048536161,1001.4751323078314,2.608008157051644
10.4,-391.89604697791134,961.1341237144989,2.5029534471731743
10.44,-400.2373238044985,939.3581801949547,2.446245260924361
10.48,-435.45456534606865,949.7938651364623,2.4734215237928705
10.52,-436.58673221350887,960.673244377736,2.501753240567021
10.56,-415.97019813622944,976.2542312255054,2.5423287271497537
10.6,-391.5605590419976,944.737874896224,2.46025488254225
10.64,-390.5574363303578,948.9103112168666,2.471120602127257
10.68,-403.1717216377557,949.2163992158228,2.471917706291205
10.72,-388.7224121296421,926.4130737757775,2.4125340462910874
10.76,-412.8586534898051,940.8787818362632,2.4502051610319353
10.8,-397.38028978804385,966.9614356274528,2.5181287386131586
10.84,-389.49199719788203,974.0452449051047,2.5365761586070437
10.88,-386.97453120861474,944.5659277593305,2.4598071035399234
10.92,-393.48156767791977,1007.3588185352974,2.623330256602337
10.96,-374.5035564603378,972.5217908561053,2.532608830354441
11.0,-392.7553402842712,950.3444117389383,2.4748552389034852
11.040000000000001,-401.9007755731632,971.5403458553801,2.530052983998386
11.08,-390.0624853752342,1010.2238729702951,2.6307913358601436
11.120000000000001,-381.2829850946265,992.7862419004709,2.5853808382824766
11.16,-408.9574578423436,997.8682038103794,2.59861511408953
11.200000000000001,-403.6801997646197,998.4218410798785,2.6000568778121838
11.24,-360.662125900514,949.7629643316141,2.4733410529469118
11.28,-371.2343692340962,933.010718692469,2.429715413261638
11.32,-376.4900923290241,945.9322664932242,2.4633652773261048
11.36,-398.40643738541144,976.6433166575771,2.5433419704624405
11.4,-401.5979727851453,1002.0128947829894,2.6094085801640348
11.44,-406.60659097412463,937.0920299330767,2.4403438279507204
11.48,-402.5295571087444,959.9467839750793,2.4998614166017687
11.52,-386.6925703714176,954.3979190374667,2.485411247493403
11.56,-383.6109801478244,907.7277060183696,2.3638742344228376
11.6,-403.75509065027006,913.4216158455561,2.3787021245978024
11.64,-389.10506329311886,934.3584205644241,2.433225053553188
11.68,-396.865283767901,961.2322537007099,2.5032089940122653
11.72,-379.7778901938822,951.4255710015882,2.477670757816636
11.76,-407.2167321655912,1009.4878835377958,2.62887469671301
11.8,-413.8060144574555,982.9263590098759,2.5597040599215517
11.84,-398.50604481106006,977.6899588418887,2.5460676011507517
11.88,-383.27750086489664,970.0194363712834,2.526092282216884
11.92,-390.53488320390625,912.7352132192973,2.3769146177585867
11.96,-402.2863838914274,941.3731337071316,2.4514925356956554
12.0,-393.1821399332222,986.5480665627765,2.5691355900072304
12.040000000000001,-406.81225919975213,1018.6192761885809,2.6526543650744294
12.08,-396.7881196825587,999.7511385620403,2.6035185900053133
12.120000000000001,-374.8554003364188,1013.9475266195657,2.6404883505717858
12.16,-406.0017385737118,1094.733617633327,2.8508687959201224
12.200000000000001,-415.497762996393,1061.8715284966845,2.7652904387934494
12.24,-401.5874979014927,988.4241151438493,2.5740211331871077
12.280000000000001,-365.41624211006933,972.1895367599484,2.5317435853123658
12.32,-361.31361618994623,934.3688677164296,2.433252259678202
12.36,-384.6503657210924,987.9419520324778,2.5727655000845777
12.4,-397.23377413882383,1002.7726097456075,2.6113870045458527
12.44,-371.73631572419725,963.4494568963681,2.5089829606676255
12.48,-348.1766840351366,954.8769305898229,2.486658673410997
12.52,-352.1010858294689,968.4193964204386,2.521925511511559
12.56,-396.2115627065307,994.6905121971092,2.590339875513305
12.6,-375.62488462478166,963.1422504850918,2.5081829439715935
12.64,-338.8418217088962,936.6590202207612,2.439216198491566
12.68,-380.30383652699317,974.071404060526,2.5366442814076198
12.72,-384.50531723839663,994.1834526692932,2.589019407992951
12.76,-380.4039453053633,966.6066518099414,2.5172048224217223
12.8,-367.23392158062654,926.7377972796678,2.4133796804158014
12.84,-359.896293052059,911.0382595310775,2.372495467528848
12.88,-359.6670555329632,897.1370679038282,2.3362944476662193
12.92,-383.5172198129257,966.8950126580002,2.517955762130209
12.96,-377.11880946999065,1005.2639630764457,2.617874903844911
13.0,-356.2744030531732,982.3863315315214,2.5582977383633367
13.040000000000001,-390.8061825926016,953.7070391996215,2.483612081249014
13.08,-378.0347467960506,939.851388509237,2.4475296575761383
13.120000000000001,-384.9330410158951,948.1183809711183,2.469058283778954
13.16,-386.0025822033915,938.9336793750557,2.4451397900392076
13.200000000000001,-380.13346047311234,976.5989463191124,2.543226422706022
13.24,-369.4423201433689,984.3358210612193,2.563374534013592
13.280000000000001,-355.1062243185112,1025.8360424480618,2.6714480272084944
13.32,-366.1067113410735,1049.1650843907669,2.7322007406009554
13.36,-376.71126509886756,1079.6879849565119,2.8116874608242495
13.4,-383.54678207695315,975.285535151221,2.5398060811229715
13.44,-380.067416385226,943.6162027615599,2.457333861358229
13.48,-387.31302388267136,897.7479050286909,2.337885169345549
13.52,-383.17595812420984,907.7468480970106,2.363924083585965
13.56,-381.87086913492664,916.8307218471234,2.3875800048102174
13.6,-376.1740912301047,915.9880913982461,2.3853856546829326
13.64,-366.0869513673178,974.0848122370555,2.536679198533999
13.68,-345.3563277442172,931.1196304729975,2.4247907043567642
13.72,-362.66275776255327,938.3322663154039,2.4435736101963643
13.76,-346.789823675396,944.7527764823094,2.460293688756014
13.8,-338.0144562685012,933.6878963748991,2.431478896809633
13.84,-368.4599677904139,974.1173039539443,2.5367638123800633
13.88,-341.52817396227726,976.2582027456176,2.542339069650046
13.92,-348.4347368995216,987.1244508101896,2.5706365906515356
13.96,-351.630648314418,980.9692374030458,2.5546073890704317
14.0,-337.82056554338135,973.665300888491,2.5355867210637784
14.040000000000001,-326.1428142746891,950.8654654820398,2.476212149692812
14.08,-355.2755453343123,982.2022621806666,2.557818391095486
14.120000000000001,-350.1203760691027,971.4757311544624,2.529884716548079
14.16,-362.06082155452896,932.5542160295286,2.428526604243564
14.200000000000001,-353.36420106905393,970.2661796947013,2.5267348429549514
14.24,-369.0879983403155,947.3047047602553,2.466939335313165
14.280000000000001,-342.8114805207366,869.8265967258635,2.2651734289736027
14.32,-356.3562529762275,952.956626212647,2.4816578807621017
14.36,-347.5639250541163,921.7391217424206,2.40036229620422
14.4,-340.2879733590082,923.1030584785417,2.403914214787869
14.44,-375.5689531607755,904.5986611730351,2.355725680138112
14.48,-369.0596565836744,920.6606099314163,2.3975536716963965
14.52,-356.70210772199266,942.0147261266846,2.4531633492882414
14.56,-376.3766787613489,981.018915483751,2.5547367590722683
14.6,-353.0729606763964,946.2686901421506,2.464241380578517
14.64,-363.23449692066424,966.5301306758365,2.517005548634991
14.68,-373.9988758611393,969.0227105394758,2.523496642029885
14.72,-351.92915796051955,971.6646097504131,2.5303765878917006
14.76,-353.6058547581215,970.4363909429819,2.5271781014140156
14.8,-370.15144648862923,990.6459670622153,2.5798072058911856
14.84,-348.43560501071784,958.3199176394282,2.4956247855193445
14.88,-347.63810744822695,942.4871197945072,2.454393541131529
14.92,-314.689159660961,955.3554705319887,2.487904871177054
14.96,-333.6739206690454,1040.6948082673546,2.7101427298629024
15.0,-352.68439326647206,1033.4750978213442,2.6913414005764174
15.040000000000001,-366.00388525415383,1065.6295836881854,2.7750770408546495
15.08,-341.077082293928,1004.6435360562662,2.61625920847986
15.120000000000001,-333.56009559350923,936.5166165469936,2.438845355591129
15.16,-353.1957781721891,930.6448994215525,2.4235544255769597
15.200000000000001,-348.739964240605,924.528174458248,2.4076254543183544
15.24,-341.65554274046957,977.5569947896156,2.5457213405979573
15.280000000000001,-346.518737279382,1010.9801143625855,2.6327607144858995
15.32,-308.6967219279213,974.2104755656932,2.5370064467856595
15.36,-331.41813848304406,1013.835359322236,2.6401962482349894
15.4,-357.4118842461876,1029.3829368319916,2.6806847313333115
15.44,-346.7231916007844,1011.5050567118708,2.63412775185383
15.48,-340.758560191902,955.9587365009561,2.489475876304573
15.52,-346.18176977365385,975.8905850118866,2.541381731801788
15.56,-347.5591011991985,1004.5705362749669,2.6160691048827265
15.6,-334.48488572261317,967.6648769026177,2.5199606169339
15.64,-346.06674646348773,957.9575823257779,2.49468120397338
15.68,-367.64347539541143,1000.8352792167143,2.6063418729601935
15.72,-358.54567822469835,997.4418733390937,2.5975048784872232
15.76,-326.4556023908817,930.0217410373743,2.421931617284829
15.8,-349.65934467905197,1017.2907244936237,2.6491945950354783
15.84,-332.57465750327697,955.4742708196353,2.4882142469261335
15.88,-340.14147276535357,984.5698442532569,2.5639839694095232
15.92,-348.2261217311277,981.2546394815693,2.55535062364992
15.96,-348.5976554791597,1038.3960247747916,2.7041563145176863
16.0,-349.2429778919943,1006.8881643923912,2.622104594771852
16.04,-366.0293474608395,996.1616422438253,2.594170943343295
16.080000000000002,-363.47898998656336,991.5976058949282,2.582285432018042
16.12,-313.3348493461614,931.6375922241851,2.4261395630838156
16.16,-331.18593913396126,957.5799788404024,2.493697861563548
16.2,-358.75458362931795,999.959661103413,2.604061617456805
16.240000000000002,-340.6677214990463,967.5428854698102,2.519642930910964
16.28,-363.81101989346666,905.0256686004033,2.3568376786468836
16.32,-342.57531056352155,917.1678053418782,2.388457826411141
16.36,-338.7505944143582,925.0932913491571,2.4090971128884298
16.4,-335.5183425593491,931.8723724756635,2.426750969988707
16.44,-355.07871860653154,952.9678776957896,2.4816871814994523
16.48,-343.18256708047625,931.7258409949675,2.4263693775910613
16.52,-348.201562393057,893.9153396437866,2.327904530322361
16.56,-344.2148299365978,921.2628435522666,2.399121988417361
16.6,-331.18767140295313,888.4181445234966,2.313588918029939
16.64,-338.3146462785554,901.4272997152455,2.347466926341785
16.68,-338.29012857831583,886.8429617152824,2.3094868794668812
16.72,-336.5124943731221,890.7571932997445,2.319680190884751
16.76,-360.6351018857941,947.6631689395517,2.4678728357800828
16.8,-341.42247185342626,897.6185785694857,2.337548381691369
16.84,-330.53377828454313,892.2477674322759,2.323561894354885
16.88,-331.737614141192,915.8897276528833,2.3851294990960503
16.92,-345.07194840615523,911.4881670472073,2.373667101685436
16.96,-334.29663519487485,918.8161466802945,2.392750381979934
17.0,-333.3178826622478,921.2846242127232,2.3991787088873
17.04,-336.35479754956464,942.8374407199283,2.4553058352081467
17.080000000000002,-338.1464458695279,933.8167221103354,2.431814380495665
17.12,-355.9776770801795,955.7380834299629,2.488901258932195
17.16,-352.71737828361387,983.1971365063372,2.5604092096519198
17.2,-314.3027626272873,880.9130758426111,2.294044468340133
17.240000000000002,-319.0095722995868,943.7459900887778,2.4576718491895257
17.28,-350.1289870875138,936.2788722310727,2.4382262297684183
17.32,-313.66103474507713,931.0309644863985,2.424559803349996
17.36,-310.170956076277,938.7937531060463,2.4447753987136625
17.400000000000002,-325.2789356367042,959.9609754650863,2.4998983736069955
17.44,-318.7107628450467,983.649475171605,2.561587174926055
17.48,-318.54404765175235,1018.6913199498902,2.652841979036172
17.52,-307.08959253375656,1013.2141334628691,2.638578472559555
17.56,-314.6319634402455,1028.556309117448,2.6785320549933544
17.6,-316.66351596905736,1045.4710139163992,2.7225807654072898
17.64,-339.6154440380112,1110.6835138620168,2.8924049840156685
17.68,-305.0345206706088,1001.1304589662686,2.6071105702246578
17.72,-335.01416887936784,993.2730064707398,2.5866484543508848
17.76,-326.2298580610744,967.1707137819582,2.5186737338071827
17.8,-340.4655177705688,1007.6493740132112,2.6240869114927374
17.84,-338.0009619803228,980.4863812095216,2.5533499510664623
17.88,-335.9622192093934,987.5072245470437,2.5716333972579264
17.92,-343.27788575543906,952.7951838794595,2.4812374580194256
17.96,-363.053421678227,968.363732993531,2.5217805546706535
18.0,-359.87196527686143,967.8394142992387,2.5204151414042673
18.04,-331.913304582906,940.102570444532,2.448183777199302
18.080000000000002,-320.22090621050955,875.9064282093491,2.2810063234618467
18.12,-313.00998007894486,871.0551857042785,2.268372879438225
18.16,-355.7838230767539,911.2485522668987,2.3730431048617153
18.2,-350.5137431307847,934.5196694303669,2.4336449724749136
18.240000000000002,-344.9931861284151,901.4476918312057,2.3475200308104314
18.28,-328.3838027830693,916.8011873358743,2.387503092020506
18.32,-313.20050496734603,903.0807659430404,2.3517728279766676
18.36,-333.56840732450576,939.5537961002785,2.4467546773444755
18.400000000000002,-332.18790083830623,915.9477147334314,2.385280507118311
18.44,-353.11805368362803,963.9316453826814,2.510238659850733
18.48,-349.1098069944555,936.3933252757429,2.4385242845722472
18.52,-350.6259403810783,938.5736027907583,2.444202090600933
18.56,-326.443880306042,954.9175775577967,2.4867645248900954
18.6,-335.80667515400694,1013.1028279085388,2.638288614345153
18.64,-335.0634799793176,1010.6573370092765,2.6319201484616577
18.68,-352.4451511125908,996.3878960926385,2.5947601460745795
18.72,-358.49239975222554,1012.7566070894591,2.6373869976288
18.76,-332.2024967496082,974.5843415857908,2.5379800562129966
18.8,-323.5233402297726,923.4093110193255,2.4047117474461603
18.84,-315.43309854527274,895.8226363839708,2.3328714489165905
18.88,-306.9947526794339,898.0392668091355,2.3386439239821235
18.92,-337.7546536092274,944.9776017247664,2.4608791711582456
18.96,-332.6485510253323,924.0019485020761,2.4062550742241564
19.0,-331.4230612037422,910.2529455654848,2.3704503790767832
19.04,-324.2661551684993,919.4048298587483,2.3942834110904903
19.080000000000002,-328.96680052590244,930.3506512534863,2.422788154305954
19.12,-356.66667843295346,967.9373502477083,2.5206701829367404
19.16,-334.8605206618221,913.414707262589,2.3786841334963253
19.2,-321.2021534506802,932.0134105183758,2.4271182565582703
19.240000000000002,-329.6183328572296,901.3779455852725,2.347338399961647
19.28,-348.50623711421383,928.0455046756933,2.416785168426285
19.32,-324.383023202153,897.7496305939142,2.337889663004985
19.36,-340.34666460883733,897.7729457329929,2.337950379513002
19.400000000000002,-338.49190087011175,964.0694955236983,2.510597644592964
19.44,-329.72584684574815,954.5573713268388,2.4858264878303094
19.48,-332.2896721907627,924.1957277042893,2.4067597075632534
19.52,-328.96740062862176,900.4252397810628,2.3448573952631846
19.56,-323.4750396991155,895.0984211904728,2.3309854718501897
19.6,-347.7731653792673,917.3590231728456,2.3889557895126186
19.64,-316.17882486268445,882.2583586517887,2.2975478089890333
19.68,-325.02896675604677,878.9355240229015,2.288894593809639
19.72,-340.6220796421238,860.3423431081374,2.2404748518441076
19.76,-335.3899453735087,908.0727696946351,2.3647728377464454
19.8,-327.8519331572133,922.9399395790995,2.4034894259872384
19.84,-319.8619968473708,907.8458080916743,2.3641817919054016
19.88,-333.3101221245382,944.4890006344258,2.459606772485484
19.92,-324.04046737610184,942.350756768232,2.4540384290839374
19.96,-319.6182064198972,932.1699158634667,2.4275258225611114
